INSERT INTO countries (countryNumber, overall, countryName)
VALUES 
	(1335, 85, 'France'),
	(1318, 85, 'England'),
	(1343, 82, 'Italy'),
	(1337, 84, 'Germany'),
	(1362, 84, 'Spain'),
	(1354, 84, 'Portugal'),
	(105035, 83, 'Netherlands'),
	(1369, 84, 'Argentina'),
	(1387, 76, 'United States'),
	(1328, 78, 'Croatia');
INSERT INTO leagues (leagueNumber, numberPlayers, countryNumber, leagueName)
VALUES 
    (1001, 523, 1335, 'Ligue 1'),   
    (1002, 570, 1318, 'Premier League'), 
    (1003, 575, 1343, 'Serie A'),  
    (1004, 519, 1337, 'Bundesliga'),    
    (1005, 589, 1362, 'La Liga'),
    (1006, 497, 1354, 'Primeira Liga'),
    (1007, 536, 105035, 'Eredivisie'),
    (1008, 911, 1369, 'Liga Profesional de Fútbol'),
    (1009, 805, 1387, 'Major League Soccer'),
    (1010, 61, 1328, 'Hrvatska nogometna liga');
INSERT INTO teams(teamNumber, leagueNumber, teamLongName, teamShortName)
VALUES
	(11, 1002, 'Manchester United', 'MU'),
	(10, 1002, 'Manchester City', 'MC'),
	(1, 1002,  'Arsenal', 'ARS'),
	(73, 1001, 'Paris Saint Germain','PSG'), 
	(66, 1001, 'Olympique Lyonnais', 'OL'),
	(21, 1004, 'FC Bayern München', 'FCB'), 
	(32, 1004, 'Bayer 04 Leverkusen', 'LEV'),
	(22, 1004, 'Borussia Dortmund', 'BVB'),
	(44, 1003, 'Inter Milan', 'INT'), 
	(47, 1003, 'AC Milan', 'MIL'),
	(45, 1003, 'Juventus', 'JUV'),
	(112893, 1009, 'Inter Miami', 'MIA'), 
	(243, 1005, 'Real Madrid', 'RMA'), 
	(241, 1005, 'FC Barcelona', 'BAR'),
	(240, 1005, 'Atlético Madrid', 'ATM'),
	(245, 1007, 'Ajax', 'AJX'), 
	(234, 1006, 'Benfica', 'SLB'),
	(211, 1010, 'Dinamo Zagreb', 'DIN'), 
	(101085, 1008, 'Racing Club', 'RAC'), 
	(1876, 1008, 'River Plate', 'RIV'),
	(8, null, 'Leeds United', 'LEE'),
    (86, null, 'Rangers', 'RAN');
INSERT INTO teamAttributes(teamNumber, overall, attack, midfield, defense, averageAge, clubWorth)
VALUES
	(10, 86, 85, 86, 83, 25.73, '€3.8B'),
	(11, 81, 78, 80, 81, 26.27, '€4.3B'),
	(1,	83,	82,	85,	83, 25.45, '€1.9B'),
	(73,	82,	82,	81,	82, 23.73,	'€3.5B'),
	(66,	77,	77,	78,	76, 27.73,	'€500M'),
	(21,	84,	90,	83,	82,	27.45,'€3.7B'),
	(22,	81,	84,	80,	81,	25.55,'€1.6B'),
	(32,	83,	81,	83,	83,	26.45,'€525.7M'),
	(44,	83,	86,	83,	83,	29.82, '€900M'), 
	(47,	81,	80,	82,	80,	26.00, '€1.1B'),
	(45,	80,	82,	78,	77, 23.91, '€1.8B'),
	(112893, 75, 78, 76, 72, 28.18, '€420M'),
	(241,	84,	84,	82,	80, 24.09,	'€4.1B'),
	(243,	86,	89,	85,	84,	26.55,'€4.4B'),
	(240,	82,	84,	81,	81,	28.73, '€1.3B'),
	(234,	78,	79,	79,	78,26.18, '€400M'),
	(245,	76,	76,	77,	75,25.82,	'€425M'), 
	(211,	71,	72,	71,	71,26.64,	'€98M'),
	(1876, 76, 77, 75, 77, 30.18, '€240M'),
	(101085, 73, 74, 72, 71, 26.18,'€95M'),
	(8, 74, 73, 73, 73, '26.64', '€60M');
INSERT INTO players (playerNumber, playerName, countryNumber, teamNumber, birthday) 
VALUES 
	(212198, 'Bruno Fernandes', 1354, 11, '1994-09-08'), 
	(231677, 'Marcus Rashford', 1318, 11, '1997-10-31'), 
	(269087, 'Leny Yoro', 1335, 11, '2005-11-13'),
	(251517, 'Joško Gvardiol', 1328, 10, '2002-01-23'),
	(207410, 'Mateo Kovačić', 1328, 10, '1994-05-06'),
	(208920, 'Nathan Benjamin Aké', 105035, 10, '1995-02-18'),
	(220901, 'David Raya Martin', 1362, 1, '1995-09-15'),
	(231936, 'Benjamin White', 1318, 1, '1997-10-08'),
	(246669, 'Bukayo Saka', 1318, 1, '2001-09-05'),
	(230621, 'Gianluigi Donnarumma', 1343, 73, '1999-02-25'),
	(255253, 'Vítor Machado Ferreira', 1354, 73, '2000-02-13'),
	(272834, 'João Pedro Gonçalves Neves', 1354, 73, '2004-09-27'),
	(201519, 'Jordan Veretout', 1335, 66, '1993-01-01'),
	(219683, 'Corentin Tolisso', 1335, 66, '1994-08-03'),
	(251570, 'Rayan Cherki', 1335, 66, '2003-08-17'),
	(202126, 'Harry Kane', 1328, 21, '1993-07-28'),
	(247827, 'Michael Olise', 1335, 21, '2001-12-12'),
	(213345, 'Kingsley Coman', 1335, 21, '1996-01-13'),
	(213331, 'Jonathan Tah', 1337, 32, '1996-02-11'),
	(212242, 'Robert Andrich', 1337, 32, '1994-09-22'),
	(256630, 'Florian Wirtz', 1337, 32, '2003-05-03'),
	(247819, 'Nico Schlotterbeck', 1337, 22, '1999-12-01'),
	(246863, 'Felix Nmecha', 1337, 22, '2000-10-10'),
	(212194, 'Julian Brandt', 1337, 22, '1996-05-02'),
	(184392, 'Matteo Darmian', 1343, 44, '1989-12-02'),
	(237383, 'Alessandro Bastoni', 1343, 44, '1999-04-13'),
	(224232, 'Nicolò Barella', 1343, 44, '1997-02-07'),
	(232756, 'Fikayo Tomori', 1318, 47, '1997-12-19'),
	(271579, 'Filippo Terracciano', 1343, 47, '2003-02-08'),
	(228881, 'Davide Calabria', 1343, 47, '1996-12-06'),
	(235840, 'Michele Di Gregorio', 1343, 45, '1997-07-27'),
	(74310, 'Nicolò Savona', 1343, 45, '2003-03-19'),
	(266872, 'Federico Gatti', 1343, 45, '1998-06-24'),
	(246263, 'Marcelo Weigandt', 1369, 112893, '2000-01-11'),
	(274569, 'Tomás Avilés', 1369, 112893, '2004-02-03'),
	(158023, 'Lionel Messi', 1369, 112893, '1987-06-24'),
	(228618, 'Ferland Mendy', 1335, 243, '1995-06-08'),
	(177003, 'Luka Modrić', 1328, 243, '1985-09-09'),
	(231747, 'Kylian Mbappé', 1335, 243, '1998-12-20'),
	(263578, 'Alejandro Balde Martínez', 1362, 241, '2003-10-18'),
	(272600, 'Marc Casadó Torras', 1362, 241, '2003-09-14'),
	(277643, 'Lamine Yamal', 1362, 241, '2007-07-13'),
	(231591, 'Javier Galán Gil', 1362, 240, '1994-11-19'),
	(226161, 'Marcos Llorente Moreno', 1362, 240, '1995-01-30'),
	(193747, 'Jorge Resurrección', 1362, 240, '1992-01-08'),
	(255009, 'Kenneth Taylor', 105035, 245, '2002-05-16'),
	(200260, 'Steven Berghuis', 105035, 245, '1991-12-19'),
	(272978, 'Jorrel Hato', 105035, 245, '2006-05-07'),
	(234569, 'Florentino Morris Luís', 1354, 234, '1999-08-19'),
	(183898, 'Ángel Di María', 1369, 234, '1988-02-14'),
	(269292, 'Gianluca Prestianni', 1369, 234, '2006-01-31'),
	(261144, 'Ivan Nevistić', 1328, 211, '1998-07-31'),
	(276278, 'Petar Sučić', 1328, 211, '2003-10-25'),
	(262842, 'Martin Baturina', 1328, 211, '2003-02-16'),
	(247156, 'Facundo Mura', 1369, 101085, '1999-05-24'),
	(274521, 'Santiago Quirós', 1369, 101085, '2003-05-04'),
	(246033, 'Santiago Sosa', 1369, 101085, '1999-05-03'),
	(233029, 'Rodrigo Aliendro', 1369, 1876, '1991-02-16'),
	(199669, 'Leandro González Pirez', 1369, 1876, '1992-02-26'),       
	(268436, 'Isak Hansen-Aarøen', null, null, '2004-08-22'),
	(71651, 'Joshua Kofi Acheampong', 1318, null, '2006-05-05'),
	(235790, 'Ederson', null, null, '1999-07-07'),
	(264309, 'Arda Güler', null, 243, '2005-02-25'),
	(241651, 'Viktor Einar Gyökeres', null, null, '1998-06-04');
INSERT INTO playerAttributes (
    playerNumber, 
    overallRating, 
    potential, 
    preferredFoot, 
    crossing, 
    finishing, 
    acceleration, 
    interceptions, 
    visions, 
    gkHandling
) VALUES 
	(212198, 87, 87, 'Right', 82, 84, 72, 63, 94, 14),
	(231677, 81, 81, 'Right', 77, 80, 87, 27, 77, 6),   
	(269087, 78	,86, 'Right', 47,38,65,79,60,7),     
	(251517, 84,87, 'Left', 73,	68,	80,	83,	70,	8), 
	(207410, 83,83, 'Right', 73, 58,75,	76,	82,	5), 
	(208920, 84	,85, 'Left',63,	48,	77,	83,	68,	7), 
	(220901, 84, 86, 'Right', 12, 19,64,11,	68,	82), 
	(231936, 84, 85, 'Right', 77,30,70,	84,	76,	11),
	(246669, 88, 90, 'Left', 87,85,88,	62,	86,	8),
	(230621, 88, 90, 'Right',12 ,12, 50, 26, 60, 83),
	(255253, 85, 89, 'Right', 78, 77, 75, 80,85,13),
	(272834, 80, 88, 'Right', 67,68, 82,80,	78,	7),
	(201519, 79,79, 'Right', 72,71,	74,	76,	78,	10),
	(219683, 77, 77, 'Right', 65,	72,	61,	75,	77,	10),
	(251570, 76, 85, 'Left', 72,	64, 75, 22, 78, 14),
	(202126, 90, 90, 'Right', 80,	95,	64,	42,	86,	10),
	(247827,83, 87, 'Left', 82, 81, 83, 55, 84, 11),
	(213345, 84, 84, 'Right', 80,	74,	92,	23,	80,	3),
	(213331, 86, 87, 'Right', 39,	32,	53,	83,	56,	8),
	(212242, 83, 83, 'Right', 71,	74,	59, 84,	73,	9),
	(256630, 88, 92, 'Right', 84, 79, 81, 44, 91, 14),
	(247819, 85, 88, 'Left', 53,	51,	78,	83,	72,	10),
	(246863, 78, 83, 'Right', 59,	69,	77,	75,	76,	10),
	(212194, 85, 85, 'Right', 82,	80,	69,	56,	88,	16),
	(184392, 81, 81, 'Right', 74,	60,	68,	80,	70,	7),
	(237383, 87, 89, 'Left', 72, 34, 72, 88, 72, 5),
	(224232, 87, 87, 'Right', 79,	76,	85,	84,	84,	5),
	(232756, 83, 87, 'Right', 53,	33,	80,	83,	48,	13),
	(271579, 71, 82, 'Right', 75,	56,	81,	66,	67,	12),
	(228881, 80, 88, 'Right', 76,	48,	80,	80,	64,	14),
	(235840, 80, 84, 'Right', 	13,	9, 55,	15,	65,	78),
	(74310, 63,	76, 'Right', 56,	34	,67,	60,	33,	9),
	(266872, 78, 82, 'Right', 34,	30,	73,	78,	40,	11),
	(246263, 72, 76, 'Right', 61,	40,	77,	66,	52,	9),
	(274569, 72, 83, 'Right', 51,	41,	58,	72,	56,	13),
	(158023, 88, 88, 'Right', 75,	85,	64,	35,	80,	25),
	(228618, 83, 83, 'Left', 76,	63,	88,	80,	75,	16),
	(177003, 86, 86, 'Right', 86,	72,	75,	79,	90,	9),
	(231747, 91, 94, 'Right', 78, 94, 97, 38, 83, 5),
	(263578, 82, 88, 'Left', 81, 51, 90, 77, 72, 8),
	(272600, 68, 83, 'Right', 48,	59,	62,	65,	69,	14),
	(277643, 83, 94, 'Left', 81,	79,	84,	18,	80,	13),
	(231591, 80, 80, 'Left', 79,	50,	80,	74,	60,	14),
	(226161, 83, 83, 'Right',76,	80,	87,	83,	79,	6),
	(193747, 83, 83, 'Right', 85, 69, 70, 82, 85, 12),
	(255009, 75, 82, 'Left', 75, 68, 85, 64, 75, 12),
	(200260, 79, 79, 'Left', 83, 81,79,	37,	83,	11),
	(272978, 76, 88, 'Left', 64, 39,85,	77,	67,	5),
	(234569, 80, 84, 'Right', 41, 35,55,	84,	69,	14),
	(183898, 83, 83, 'Left', 81,76,	78,	42,	87,	7),
	(269292, 70, 84, 'Right', 55,61,91,	53,	64,	7),
	(261144, 72, 74, 'Right', 12,9,	41,	15,	47,	67),
	(276278, 72, 83, 'Right', 66,68,70,	60,	73,	5),
	(262842, 76, 85, 'Right', 74, 66, 77, 58, 78, 5),
	(247156, 71, 74, 'Right', 72,50,84,	62,	70,	11),
	(274521, 66, 76, 'Left', 48,32,	56,	67,	52,	11),
	(246033, 73, 77, 'Right', 49,55,62,	71,	65,	13),
	(233029, 75, 75, 'Right', 69,69,75,	71,	72,	12),
	(199669, 75, 75, 'Right', 45, 54, 67, 78, 60, 8),
	(268436, 62, 79, 'Right', 54, 50, 77, 48, 62, 15),
	(71651, 63, 83, 'Right',57 , 30, 71, 57, 53, 15),
	(235790, 80, 85, 'Right', 64, 67, 78, 78, 79, 10),
	(264309, 78, 90, 'Left', 80, 72, 75, 55, 80, 10),
	(241651, 85, 88, 'Right', 69, 88, 88, 28, 79, 13);